{
  "accuracy": 0.7979639033926996,
  "precision_macro": 0.31678541226106016,
  "recall_macro": 0.5290791334514725,
  "f1_macro": 0.3531124070988763,
  "precision_weighted": 0.9442564276762976,
  "recall_weighted": 0.7979639033926996,
  "f1_weighted": 0.8568657574351578
}